{
  "epochs": [
    1,
    2,
    3,
    4,
    5,
    6,
    7,
    8,
    9,
    10,
    11,
    12,
    13,
    14,
    15,
    16,
    17,
    18,
    19,
    20,
    21,
    22,
    23,
    24,
    25,
    26,
    27,
    28,
    29,
    30,
    31,
    32,
    33,
    34,
    35,
    36,
    37,
    38,
    39,
    40,
    41,
    42,
    43,
    44,
    45,
    46,
    47,
    48,
    49,
    50
  ],
  "train_loss": [
    0.578583,
    0.343787,
    0.317529,
    0.299337,
    0.256759,
    0.249589,
    0.227556,
    0.194566,
    0.189414,
    0.17769,
    0.173293,
    0.164269,
    0.14993,
    0.149206,
    0.119218,
    0.114345,
    0.102382,
    0.095573,
    0.084664,
    0.108982,
    0.084318,
    0.092327,
    0.0766,
    0.070712,
    0.054729,
    0.063192,
    0.056137,
    0.047735,
    0.061824,
    0.048876,
    0.037652,
    0.034481,
    0.032683,
    0.034204,
    0.020807,
    0.019982,
    0.019945,
    0.014986,
    0.01461,
    0.013909,
    0.017358,
    0.013729,
    0.013073,
    0.013139,
    0.014017,
    0.012712,
    0.009902,
    0.015897,
    0.017148,
    0.015959
  ],
  "val_loss": [
    0.620423,
    0.497977,
    0.427431,
    0.347396,
    0.353008,
    0.388527,
    0.297315,
    0.279157,
    0.308697,
    0.355351,
    0.452651,
    0.347876,
    0.29551,
    0.333603,
    0.312945,
    0.467846,
    0.31266,
    0.309273,
    0.304723,
    0.440329,
    0.407782,
    0.340691,
    0.39324,
    0.32233,
    0.286448,
    0.363033,
    0.328001,
    0.282579,
    0.371905,
    0.292561,
    0.31356,
    0.358499,
    0.27351,
    0.344783,
    0.441011,
    0.295406,
    0.33162,
    0.293605,
    0.288105,
    0.332762,
    0.292674,
    0.330268,
    0.315302,
    0.342189,
    0.310167,
    0.308534,
    0.316479,
    0.323307,
    0.307232,
    0.310388
  ],
  "val_accuracy": [
    0.58156,
    0.617021,
    0.702128,
    0.77305,
    0.765957,
    0.737589,
    0.822695,
    0.77305,
    0.758865,
    0.751773,
    0.765957,
    0.765957,
    0.758865,
    0.744681,
    0.808511,
    0.751773,
    0.822695,
    0.815603,
    0.801418,
    0.673759,
    0.751773,
    0.801418,
    0.765957,
    0.815603,
    0.815603,
    0.77305,
    0.808511,
    0.836879,
    0.77305,
    0.801418,
    0.801418,
    0.822695,
    0.822695,
    0.815603,
    0.822695,
    0.808511,
    0.808511,
    0.822695,
    0.851064,
    0.829787,
    0.843972,
    0.829787,
    0.829787,
    0.829787,
    0.829787,
    0.822695,
    0.843972,
    0.836879,
    0.836879,
    0.836879
  ],
  "learning_rate": [
    0.001,
    0.00099901,
    0.00099606,
    0.00099114,
    0.00098429,
    0.00097553,
    0.00096489,
    0.00095241,
    0.00093815,
    0.00092216,
    0.00090451,
    0.00088526,
    0.00086448,
    0.00084227,
    0.00081871,
    0.00079389,
    0.00076791,
    0.00074088,
    0.00071289,
    0.00068406,
    0.00065451,
    0.00062434,
    0.00059369,
    0.00056267,
    0.0005314,
    0.0005,
    0.0004686,
    0.00043733,
    0.00040631,
    0.00037566,
    0.00034549,
    0.00031594,
    0.00028711,
    0.00025912,
    0.00023209,
    0.00020611,
    0.00018129,
    0.00015773,
    0.00013552,
    0.00011474,
    9.549e-05,
    7.784e-05,
    6.185e-05,
    4.759e-05,
    3.511e-05,
    2.447e-05,
    1.571e-05,
    8.86e-06,
    3.94e-06,
    9.9e-07
  ],
  "best_epoch": 39,
  "best_val_accuracy": 0.851064,
  "model_params": 1043333,
  "device": "mps",
  "config": {
    "batch_size": 32,
    "lr": 0.001,
    "weight_decay": 0.0001,
    "gamma": 2.0,
    "max_grad_norm": 1.0,
    "num_epochs": 50,
    "val_fraction": 0.2,
    "use_folded": true,
    "augment": true,
    "tag": "dual_aug"
  }
}