{
  "epochs": [
    1,
    2,
    3,
    4,
    5,
    6,
    7,
    8,
    9,
    10,
    11,
    12,
    13,
    14,
    15,
    16,
    17,
    18,
    19,
    20,
    21,
    22,
    23,
    24,
    25,
    26,
    27,
    28,
    29,
    30,
    31,
    32,
    33,
    34,
    35,
    36,
    37,
    38,
    39,
    40,
    41,
    42,
    43,
    44,
    45,
    46,
    47,
    48,
    49,
    50
  ],
  "train_loss": [
    0.562231,
    0.387101,
    0.310973,
    0.318864,
    0.260111,
    0.244487,
    0.247307,
    0.216326,
    0.178547,
    0.178838,
    0.171195,
    0.168017,
    0.142556,
    0.124696,
    0.122857,
    0.112802,
    0.081507,
    0.091249,
    0.078942,
    0.069386,
    0.072749,
    0.049256,
    0.046752,
    0.034363,
    0.055311,
    0.054453,
    0.028264,
    0.020008,
    0.023575,
    0.019062,
    0.013796,
    0.011595,
    0.010373,
    0.005886,
    0.011745,
    0.006359,
    0.011002,
    0.008505,
    0.006477,
    0.005823,
    0.010355,
    0.007155,
    0.00524,
    0.006484,
    0.003557,
    0.007094,
    0.003764,
    0.007313,
    0.003952,
    0.003004
  ],
  "train_grad_norm": [
    3.383593,
    1.776604,
    1.481274,
    1.591791,
    1.424538,
    1.363357,
    1.395543,
    1.335605,
    1.295961,
    1.200737,
    1.378208,
    1.435878,
    1.205663,
    1.06279,
    1.245843,
    1.465334,
    1.098795,
    1.368418,
    1.152574,
    1.192043,
    1.073829,
    0.961845,
    0.854352,
    0.846406,
    1.218449,
    1.197546,
    0.807549,
    0.618287,
    0.737906,
    0.53468,
    0.375031,
    0.396907,
    0.384355,
    0.206399,
    0.345217,
    0.222322,
    0.411911,
    0.30723,
    0.172099,
    0.239363,
    0.45897,
    0.259606,
    0.240743,
    0.292135,
    0.135935,
    0.263165,
    0.152685,
    0.251171,
    0.142932,
    0.131683
  ],
  "train_entropy": [
    5.447309,
    5.394503,
    5.361129,
    5.199095,
    5.118866,
    4.769339,
    4.660372,
    4.20604,
    4.056495,
    4.101517,
    3.928981,
    3.547116,
    3.523517,
    3.415464,
    3.252394,
    2.917468,
    2.984937,
    3.125828,
    3.16268,
    3.078684,
    3.007541,
    2.927676,
    2.968696,
    3.299289,
    3.112016,
    3.158527,
    3.090135,
    3.026318,
    3.117911,
    3.19127,
    3.227202,
    3.20297,
    3.173428,
    3.13659,
    3.081483,
    3.084233,
    3.15896,
    3.15375,
    3.16303,
    3.161994,
    3.141087,
    3.165258,
    3.171993,
    3.184381,
    3.172156,
    3.168674,
    3.182132,
    3.172648,
    3.179866,
    3.171019
  ],
  "val_loss": [
    0.607222,
    0.509532,
    0.580997,
    0.38838,
    0.352165,
    0.519552,
    0.382717,
    0.478064,
    0.441286,
    0.540226,
    0.446021,
    0.362667,
    0.359993,
    0.442035,
    0.451001,
    0.389337,
    0.355075,
    0.433455,
    0.389259,
    0.396303,
    0.47113,
    0.458048,
    0.473429,
    0.395821,
    0.361134,
    0.44524,
    0.465921,
    0.488768,
    0.425336,
    0.471892,
    0.390215,
    0.498895,
    0.409845,
    0.419988,
    0.439961,
    0.400937,
    0.438627,
    0.456112,
    0.438805,
    0.424555,
    0.420348,
    0.422874,
    0.419398,
    0.427886,
    0.432355,
    0.430311,
    0.422218,
    0.425573,
    0.441557,
    0.434248
  ],
  "val_accuracy": [
    0.553191,
    0.574468,
    0.624113,
    0.751773,
    0.751773,
    0.652482,
    0.765957,
    0.737589,
    0.716312,
    0.631206,
    0.77305,
    0.822695,
    0.794326,
    0.687943,
    0.723404,
    0.815603,
    0.801418,
    0.794326,
    0.765957,
    0.794326,
    0.77305,
    0.787234,
    0.822695,
    0.787234,
    0.836879,
    0.808511,
    0.794326,
    0.829787,
    0.822695,
    0.829787,
    0.836879,
    0.836879,
    0.822695,
    0.836879,
    0.829787,
    0.858156,
    0.822695,
    0.836879,
    0.836879,
    0.822695,
    0.822695,
    0.822695,
    0.822695,
    0.836879,
    0.836879,
    0.836879,
    0.836879,
    0.836879,
    0.843972,
    0.836879
  ],
  "val_entropy": [
    5.49154,
    5.388823,
    5.327156,
    5.147686,
    5.053788,
    4.750513,
    4.553699,
    4.073827,
    4.084558,
    4.078591,
    3.839247,
    3.788669,
    3.418058,
    3.614093,
    3.03014,
    3.082354,
    3.048557,
    3.382697,
    3.137356,
    3.090683,
    2.981627,
    3.041491,
    3.051514,
    3.212066,
    3.251494,
    3.161174,
    3.128674,
    3.230206,
    3.211944,
    3.208612,
    3.319956,
    3.266475,
    3.171562,
    3.148429,
    3.145808,
    3.150037,
    3.157744,
    3.175824,
    3.189647,
    3.176906,
    3.219954,
    3.232374,
    3.219985,
    3.205439,
    3.212993,
    3.219968,
    3.21837,
    3.219169,
    3.229937,
    3.227288
  ],
  "gpu_mem_mb": [
    28.79,
    28.79,
    28.79,
    28.79,
    28.79,
    28.79,
    28.79,
    28.79,
    28.79,
    28.79,
    28.79,
    28.79,
    28.79,
    28.79,
    28.79,
    28.79,
    28.79,
    28.79,
    28.79,
    28.79,
    28.79,
    28.79,
    28.79,
    28.79,
    28.79,
    28.79,
    28.79,
    28.79,
    28.79,
    28.79,
    28.79,
    28.79,
    28.79,
    28.79,
    28.79,
    28.79,
    28.79,
    28.79,
    28.79,
    28.79,
    28.79,
    28.79,
    28.79,
    28.79,
    28.79,
    28.79,
    28.79,
    28.79,
    28.79,
    28.79
  ],
  "best_epoch": 36,
  "best_val_accuracy": 0.858156,
  "model_params": 1373701,
  "subgroup_evaluation": {
    "catalog_accuracy": 0.8764044943820225,
    "catalog_count": 89,
    "bls_accuracy": 0.8269230769230769,
    "bls_count": 52
  }
}