{
  "epochs": [
    1,
    2,
    3,
    4,
    5,
    6,
    7,
    8,
    9,
    10,
    11,
    12,
    13,
    14,
    15,
    16,
    17,
    18,
    19,
    20,
    21,
    22,
    23,
    24,
    25,
    26,
    27,
    28,
    29,
    30,
    31,
    32,
    33,
    34,
    35,
    36,
    37,
    38,
    39,
    40,
    41,
    42,
    43,
    44,
    45,
    46,
    47,
    48,
    49,
    50
  ],
  "train_loss": [
    0.870293,
    0.573827,
    0.466907,
    0.401045,
    0.346478,
    0.310252,
    0.269225,
    0.247175,
    0.277005,
    0.176394,
    0.19373,
    0.171829,
    0.151262,
    0.178737,
    0.113052,
    0.208911,
    0.144161,
    0.129813,
    0.133056,
    0.095383,
    0.06851,
    0.112728,
    0.082253,
    0.092466,
    0.069593,
    0.085638,
    0.048185,
    0.072015,
    0.043659,
    0.060623,
    0.048795,
    0.044727,
    0.03634,
    0.02995,
    0.03857,
    0.033917,
    0.027335,
    0.040206,
    0.01893,
    0.041477,
    0.018081,
    0.018106,
    0.020759,
    0.012232,
    0.02416,
    0.023546,
    0.031786,
    0.021906,
    0.014588,
    0.016144
  ],
  "train_grad_norm": [
    5.548475,
    2.728189,
    2.028065,
    2.021528,
    1.685221,
    1.693949,
    1.75953,
    1.497943,
    2.237019,
    1.808588,
    1.845665,
    1.992636,
    1.734553,
    2.369213,
    1.988331,
    2.528237,
    2.228234,
    2.112727,
    2.483708,
    1.596085,
    1.712157,
    2.595859,
    1.57831,
    1.487681,
    1.541702,
    1.998949,
    1.296825,
    1.587713,
    1.069925,
    1.903828,
    1.45066,
    1.247367,
    1.199844,
    1.020739,
    1.448629,
    1.102384,
    1.151912,
    1.421589,
    1.044372,
    1.36594,
    0.650561,
    0.888031,
    0.957403,
    0.591983,
    0.959474,
    0.783911,
    0.673336,
    0.854694,
    0.578804,
    0.651676
  ],
  "train_entropy": [
    4.758413,
    4.711848,
    4.674565,
    4.651016,
    4.649389,
    4.681489,
    4.588487,
    4.453081,
    4.441648,
    4.487132,
    4.335493,
    4.40007,
    4.438773,
    4.515247,
    4.407399,
    4.370147,
    4.142004,
    4.046428,
    4.013371,
    4.048151,
    4.116222,
    4.149932,
    4.168115,
    4.168785,
    4.195274,
    4.16363,
    4.046938,
    3.98721,
    3.921472,
    3.900741,
    3.998088,
    3.997529,
    3.951866,
    3.876516,
    3.853807,
    3.888614,
    3.947793,
    3.97265,
    3.955033,
    3.957446,
    3.969991,
    3.955299,
    3.969172,
    3.978075,
    3.99288,
    3.998745,
    4.000487,
    3.997277,
    4.000716,
    3.994089
  ],
  "val_loss": [
    1.027851,
    0.975519,
    0.930695,
    0.841995,
    0.692713,
    1.034075,
    0.902763,
    0.695277,
    0.490789,
    0.651305,
    0.566111,
    0.739773,
    0.684276,
    1.029958,
    0.925282,
    0.631591,
    3.436704,
    2.099949,
    1.188777,
    0.867247,
    1.315686,
    1.437747,
    1.528433,
    1.144573,
    1.381462,
    1.29597,
    1.39772,
    1.148833,
    0.998966,
    1.70827,
    0.99701,
    0.773643,
    1.308439,
    1.069916,
    0.875635,
    0.846409,
    0.752626,
    1.070364,
    1.199552,
    1.253199,
    0.894157,
    0.811861,
    0.771351,
    0.806609,
    0.852432,
    0.838216,
    0.833946,
    0.82256,
    0.830525,
    0.841491
  ],
  "val_accuracy": [
    0.240741,
    0.333333,
    0.388889,
    0.388889,
    0.574074,
    0.481481,
    0.518519,
    0.518519,
    0.648148,
    0.518519,
    0.574074,
    0.537037,
    0.592593,
    0.537037,
    0.555556,
    0.592593,
    0.259259,
    0.444444,
    0.537037,
    0.5,
    0.481481,
    0.462963,
    0.5,
    0.462963,
    0.537037,
    0.5,
    0.574074,
    0.666667,
    0.555556,
    0.444444,
    0.5,
    0.592593,
    0.5,
    0.574074,
    0.648148,
    0.611111,
    0.611111,
    0.481481,
    0.481481,
    0.444444,
    0.611111,
    0.611111,
    0.62963,
    0.62963,
    0.62963,
    0.62963,
    0.62963,
    0.62963,
    0.62963,
    0.62963
  ],
  "val_entropy": [
    4.818692,
    4.744796,
    4.680012,
    4.669274,
    4.71925,
    4.714725,
    4.594898,
    4.521045,
    4.556339,
    4.543077,
    4.523217,
    4.548147,
    4.575454,
    4.540015,
    4.547138,
    4.453508,
    4.379605,
    4.238089,
    4.280231,
    4.359658,
    4.375318,
    4.355207,
    4.409549,
    4.366068,
    4.384922,
    4.26615,
    4.207902,
    4.147796,
    4.106705,
    4.146198,
    4.20131,
    4.20166,
    4.137568,
    4.110335,
    4.102347,
    4.123993,
    4.15668,
    4.138812,
    4.141262,
    4.142324,
    4.154499,
    4.165343,
    4.187536,
    4.189538,
    4.186,
    4.186335,
    4.187361,
    4.191808,
    4.191687,
    4.186264
  ],
  "gpu_mem_mb": [
    20.35,
    20.35,
    20.35,
    20.35,
    20.35,
    20.35,
    20.35,
    20.35,
    20.35,
    20.35,
    20.35,
    20.35,
    20.35,
    20.35,
    20.35,
    20.35,
    20.35,
    20.35,
    20.35,
    20.35,
    20.35,
    20.35,
    20.35,
    20.35,
    20.35,
    20.35,
    20.35,
    20.35,
    20.35,
    20.35,
    20.35,
    20.35,
    20.35,
    20.35,
    20.35,
    20.35,
    20.35,
    20.35,
    20.35,
    20.35,
    20.35,
    20.35,
    20.35,
    20.35,
    20.35,
    20.35,
    20.35,
    20.35,
    20.35,
    20.35
  ],
  "best_epoch": 28,
  "best_val_accuracy": 0.666667,
  "model_params": 1324089,
  "subgroup_evaluation": {
    "catalog_accuracy": 0.75,
    "catalog_count": 32,
    "bls_accuracy": 0.5454545454545454,
    "bls_count": 22
  }
}