{
  "epochs": [
    1,
    2,
    3,
    4,
    5,
    6,
    7,
    8,
    9,
    10,
    11,
    12,
    13,
    14,
    15,
    16,
    17,
    18,
    19,
    20,
    21,
    22,
    23,
    24,
    25,
    26,
    27,
    28,
    29,
    30,
    31,
    32,
    33,
    34,
    35,
    36,
    37,
    38,
    39,
    40,
    41,
    42,
    43,
    44,
    45,
    46,
    47,
    48,
    49,
    50
  ],
  "train_loss": [
    0.564911,
    0.39713,
    0.317284,
    0.293444,
    0.25809,
    0.249687,
    0.240561,
    0.203767,
    0.183732,
    0.197045,
    0.156015,
    0.170577,
    0.135964,
    0.111926,
    0.131701,
    0.111067,
    0.100653,
    0.111804,
    0.090753,
    0.074149,
    0.092577,
    0.099658,
    0.08609,
    0.071472,
    0.055976,
    0.055529,
    0.0392,
    0.056014,
    0.033522,
    0.033388,
    0.030169,
    0.028227,
    0.024217,
    0.020064,
    0.02655,
    0.021747,
    0.020618,
    0.014269,
    0.016611,
    0.012871,
    0.017701,
    0.012183,
    0.026923,
    0.008464,
    0.011726,
    0.013677,
    0.01625,
    0.010587,
    0.008801,
    0.01153
  ],
  "train_grad_norm": [
    3.409148,
    1.883409,
    1.69928,
    1.613432,
    1.413196,
    1.510038,
    1.464089,
    1.216534,
    1.215591,
    1.518153,
    1.389398,
    1.411979,
    1.178514,
    1.043364,
    1.491372,
    1.329722,
    1.041152,
    1.155759,
    1.201617,
    0.976706,
    1.199564,
    1.246482,
    1.242262,
    1.178562,
    0.830454,
    1.193621,
    0.673546,
    1.097353,
    0.77662,
    0.793658,
    0.672798,
    0.807167,
    0.587641,
    0.566829,
    0.623682,
    0.560381,
    0.572052,
    0.447215,
    0.495946,
    0.328597,
    0.49651,
    0.505567,
    0.636529,
    0.288366,
    0.390102,
    0.461361,
    0.613046,
    0.393414,
    0.285121,
    0.429172
  ],
  "train_entropy": [
    4.552671,
    4.470275,
    4.398434,
    4.286919,
    4.174014,
    4.133071,
    4.073042,
    4.089056,
    4.034928,
    4.024655,
    3.959564,
    3.930206,
    3.891172,
    3.87552,
    3.786329,
    3.780736,
    3.826014,
    3.863455,
    3.888229,
    3.850242,
    3.894095,
    3.843943,
    3.805949,
    3.78449,
    3.779183,
    3.751757,
    3.769724,
    3.769718,
    3.780077,
    3.783784,
    3.76355,
    3.747446,
    3.756208,
    3.764183,
    3.771471,
    3.759671,
    3.757956,
    3.748485,
    3.754608,
    3.763295,
    3.751001,
    3.746123,
    3.756641,
    3.761861,
    3.74802,
    3.759959,
    3.75337,
    3.756151,
    3.767541,
    3.76044
  ],
  "val_loss": [
    0.547326,
    0.567362,
    0.501367,
    0.453273,
    0.472467,
    0.35968,
    0.345035,
    0.311821,
    0.365211,
    0.34785,
    0.457197,
    0.319528,
    0.492324,
    0.366608,
    0.406385,
    0.37427,
    0.374626,
    0.537735,
    0.40362,
    0.369574,
    0.365388,
    0.519375,
    0.359906,
    0.328099,
    0.381561,
    0.447058,
    0.371296,
    0.461358,
    0.369633,
    0.448493,
    0.453996,
    0.410646,
    0.386296,
    0.439997,
    0.504347,
    0.44962,
    0.40406,
    0.423436,
    0.497016,
    0.48185,
    0.4294,
    0.436253,
    0.453138,
    0.435826,
    0.453451,
    0.460208,
    0.462623,
    0.462552,
    0.450426,
    0.466827
  ],
  "val_accuracy": [
    0.680851,
    0.602837,
    0.631206,
    0.695035,
    0.730496,
    0.77305,
    0.723404,
    0.851064,
    0.765957,
    0.780142,
    0.780142,
    0.794326,
    0.744681,
    0.794326,
    0.801418,
    0.829787,
    0.815603,
    0.744681,
    0.843972,
    0.858156,
    0.794326,
    0.780142,
    0.787234,
    0.815603,
    0.815603,
    0.794326,
    0.815603,
    0.780142,
    0.808511,
    0.808511,
    0.787234,
    0.836879,
    0.801418,
    0.794326,
    0.822695,
    0.815603,
    0.787234,
    0.829787,
    0.808511,
    0.801418,
    0.822695,
    0.822695,
    0.815603,
    0.829787,
    0.808511,
    0.815603,
    0.808511,
    0.808511,
    0.815603,
    0.808511
  ],
  "val_entropy": [
    4.675246,
    4.527464,
    4.447844,
    4.400153,
    4.241665,
    4.255134,
    4.240577,
    4.132444,
    4.180224,
    4.116892,
    4.031794,
    4.047871,
    4.005529,
    3.968949,
    3.91344,
    3.917564,
    3.885752,
    4.046313,
    3.939454,
    3.970802,
    4.027368,
    3.940757,
    3.918634,
    3.895093,
    3.866988,
    3.862341,
    3.87916,
    3.901125,
    3.878212,
    3.880604,
    3.901113,
    3.873321,
    3.880115,
    3.873058,
    3.868878,
    3.865135,
    3.891334,
    3.871639,
    3.879735,
    3.886844,
    3.877473,
    3.876337,
    3.881637,
    3.882265,
    3.88575,
    3.880403,
    3.88606,
    3.884945,
    3.880277,
    3.883411
  ],
  "gpu_mem_mb": [
    22.76,
    22.59,
    22.59,
    22.59,
    22.59,
    22.59,
    22.59,
    22.59,
    22.59,
    22.59,
    22.59,
    22.59,
    22.59,
    22.59,
    22.59,
    22.59,
    22.59,
    22.59,
    22.59,
    22.59,
    22.59,
    22.59,
    22.59,
    22.59,
    22.59,
    22.59,
    22.59,
    22.59,
    22.59,
    22.59,
    22.59,
    22.59,
    22.59,
    22.59,
    22.59,
    22.59,
    22.59,
    22.59,
    22.59,
    22.59,
    22.59,
    22.59,
    22.59,
    22.59,
    22.59,
    22.59,
    22.59,
    22.59,
    22.59,
    22.59
  ],
  "best_epoch": 20,
  "best_val_accuracy": 0.858156,
  "model_params": 1240965,
  "subgroup_evaluation": {
    "catalog_accuracy": 0.898876404494382,
    "catalog_count": 89,
    "bls_accuracy": 0.7884615384615384,
    "bls_count": 52
  }
}