{
  "epochs": [
    1,
    2,
    3,
    4,
    5,
    6,
    7,
    8,
    9,
    10,
    11,
    12,
    13,
    14,
    15,
    16,
    17,
    18,
    19,
    20,
    21,
    22,
    23,
    24,
    25,
    26,
    27,
    28,
    29,
    30,
    31,
    32,
    33,
    34,
    35,
    36,
    37,
    38,
    39,
    40,
    41,
    42,
    43,
    44,
    45,
    46,
    47,
    48,
    49,
    50
  ],
  "train_loss": [
    0.854653,
    0.548078,
    0.447369,
    0.35284,
    0.333443,
    0.332021,
    0.302265,
    0.259654,
    0.275041,
    0.211357,
    0.206802,
    0.174855,
    0.198388,
    0.193336,
    0.159275,
    0.132393,
    0.091551,
    0.121145,
    0.089745,
    0.087141,
    0.096482,
    0.073221,
    0.075937,
    0.15793,
    0.067199,
    0.061888,
    0.074623,
    0.073959,
    0.065694,
    0.030904,
    0.025009,
    0.015653,
    0.024188,
    0.047813,
    0.033341,
    0.029559,
    0.026755,
    0.028269,
    0.025639,
    0.013401,
    0.018636,
    0.024264,
    0.017311,
    0.009953,
    0.009786,
    0.017213,
    0.010858,
    0.04883,
    0.013927,
    0.031241
  ],
  "val_loss": [
    1.038508,
    0.996897,
    0.80402,
    0.906971,
    0.66145,
    1.388759,
    0.84381,
    0.57454,
    0.699556,
    0.578338,
    0.501645,
    1.337082,
    3.244547,
    1.020368,
    0.728789,
    1.733696,
    0.947034,
    0.948807,
    1.953046,
    0.498348,
    1.114749,
    2.109854,
    4.138545,
    1.333298,
    1.318214,
    1.529664,
    0.654606,
    0.548516,
    1.031868,
    1.203526,
    0.771921,
    1.498973,
    1.093778,
    0.827199,
    1.322324,
    1.126237,
    0.906847,
    0.930059,
    0.849888,
    0.930618,
    1.179954,
    1.175845,
    1.225033,
    1.033168,
    0.925905,
    0.874324,
    0.845997,
    0.829334,
    0.826927,
    0.823892
  ],
  "val_accuracy": [
    0.166667,
    0.203704,
    0.444444,
    0.444444,
    0.537037,
    0.407407,
    0.481481,
    0.666667,
    0.574074,
    0.722222,
    0.666667,
    0.425926,
    0.240741,
    0.537037,
    0.537037,
    0.444444,
    0.62963,
    0.518519,
    0.407407,
    0.648148,
    0.518519,
    0.444444,
    0.314815,
    0.518519,
    0.555556,
    0.5,
    0.592593,
    0.685185,
    0.574074,
    0.555556,
    0.648148,
    0.462963,
    0.518519,
    0.62963,
    0.555556,
    0.592593,
    0.62963,
    0.62963,
    0.648148,
    0.648148,
    0.574074,
    0.574074,
    0.555556,
    0.592593,
    0.62963,
    0.62963,
    0.62963,
    0.62963,
    0.62963,
    0.62963
  ],
  "learning_rate": [
    0.001,
    0.00099901,
    0.00099606,
    0.00099114,
    0.00098429,
    0.00097553,
    0.00096489,
    0.00095241,
    0.00093815,
    0.00092216,
    0.00090451,
    0.00088526,
    0.00086448,
    0.00084227,
    0.00081871,
    0.00079389,
    0.00076791,
    0.00074088,
    0.00071289,
    0.00068406,
    0.00065451,
    0.00062434,
    0.00059369,
    0.00056267,
    0.0005314,
    0.0005,
    0.0004686,
    0.00043733,
    0.00040631,
    0.00037566,
    0.00034549,
    0.00031594,
    0.00028711,
    0.00025912,
    0.00023209,
    0.00020611,
    0.00018129,
    0.00015773,
    0.00013552,
    0.00011474,
    9.549e-05,
    7.784e-05,
    6.185e-05,
    4.759e-05,
    3.511e-05,
    2.447e-05,
    1.571e-05,
    8.86e-06,
    3.94e-06,
    9.9e-07
  ],
  "best_epoch": 10,
  "best_val_accuracy": 0.722222,
  "model_params": 1140101,
  "device": "mps",
  "config": {
    "batch_size": 32,
    "lr": 0.001,
    "weight_decay": 0.0001,
    "gamma": 2.0,
    "max_grad_norm": 1.0,
    "num_epochs": 50,
    "val_fraction": 0.2,
    "use_folded": false,
    "augment": true,
    "tag": "raw_aug"
  }
}