{
  "epochs": [
    1,
    2,
    3,
    4,
    5,
    6,
    7,
    8,
    9,
    10,
    11,
    12,
    13,
    14,
    15,
    16,
    17,
    18,
    19,
    20,
    21,
    22,
    23,
    24,
    25,
    26,
    27,
    28,
    29,
    30,
    31,
    32,
    33,
    34,
    35,
    36,
    37,
    38,
    39,
    40,
    41,
    42,
    43,
    44,
    45,
    46,
    47,
    48,
    49,
    50
  ],
  "train_loss": [
    0.51272,
    0.385276,
    0.348278,
    0.322325,
    0.261356,
    0.281805,
    0.263275,
    0.203112,
    0.20736,
    0.167451,
    0.187632,
    0.139445,
    0.151507,
    0.110922,
    0.107014,
    0.103968,
    0.078139,
    0.061463,
    0.061896,
    0.041533,
    0.0545,
    0.048191,
    0.02749,
    0.019777,
    0.02874,
    0.020717,
    0.017995,
    0.013814,
    0.011529,
    0.010828,
    0.01204,
    0.016563,
    0.007664,
    0.005148,
    0.009097,
    0.008695,
    0.006057,
    0.005099,
    0.005906,
    0.009604,
    0.00852,
    0.004231,
    0.006748,
    0.009776,
    0.003166,
    0.001969,
    0.003049,
    0.011594,
    0.002401,
    0.002631
  ],
  "train_grad_norm": [
    2.935123,
    1.795918,
    1.587521,
    1.545548,
    1.243656,
    1.555431,
    1.37624,
    1.31822,
    1.270074,
    1.386683,
    1.387666,
    1.127366,
    1.517738,
    1.362855,
    1.295624,
    1.600297,
    1.299802,
    1.177271,
    1.053987,
    0.904068,
    1.180523,
    1.213237,
    0.789501,
    0.759911,
    0.890394,
    0.633991,
    0.48091,
    0.452597,
    0.496769,
    0.468332,
    0.59901,
    0.671771,
    0.277048,
    0.220629,
    0.331425,
    0.491562,
    0.252721,
    0.179568,
    0.285044,
    0.362421,
    0.178949,
    0.16724,
    0.335131,
    0.207983,
    0.112878,
    0.046655,
    0.090231,
    0.426032,
    0.080772,
    0.093196
  ],
  "train_entropy": [
    4.751306,
    4.720218,
    4.525747,
    4.507532,
    4.35786,
    4.105554,
    4.087188,
    4.230154,
    4.092817,
    3.955333,
    3.68273,
    3.643602,
    3.660072,
    3.526243,
    3.40727,
    3.483406,
    3.49452,
    3.55196,
    3.537913,
    3.410243,
    3.410299,
    3.320161,
    3.374637,
    3.389807,
    3.33021,
    3.360825,
    3.395076,
    3.410156,
    3.444156,
    3.513252,
    3.505804,
    3.484768,
    3.468397,
    3.449148,
    3.452164,
    3.428334,
    3.421994,
    3.434623,
    3.435705,
    3.453753,
    3.450615,
    3.468011,
    3.45825,
    3.457574,
    3.44118,
    3.448761,
    3.462184,
    3.450931,
    3.458081,
    3.457478
  ],
  "val_loss": [
    0.461834,
    0.503909,
    0.474912,
    0.481094,
    0.424294,
    0.411711,
    0.430893,
    0.37029,
    0.361142,
    0.400663,
    0.368533,
    0.377023,
    0.381457,
    0.437388,
    0.592433,
    0.639954,
    0.469519,
    0.448048,
    0.375714,
    0.524888,
    0.543822,
    0.493464,
    0.514383,
    0.507694,
    0.500625,
    0.485866,
    0.502443,
    0.535852,
    0.584305,
    0.574423,
    0.530614,
    0.588453,
    0.552213,
    0.530609,
    0.491942,
    0.508097,
    0.523616,
    0.520907,
    0.50011,
    0.51773,
    0.559946,
    0.523571,
    0.543758,
    0.52772,
    0.538754,
    0.538568,
    0.535091,
    0.536592,
    0.541136,
    0.527132
  ],
  "val_accuracy": [
    0.702128,
    0.64539,
    0.723404,
    0.680851,
    0.695035,
    0.737589,
    0.744681,
    0.77305,
    0.780142,
    0.730496,
    0.815603,
    0.787234,
    0.801418,
    0.765957,
    0.666667,
    0.702128,
    0.808511,
    0.794326,
    0.808511,
    0.77305,
    0.787234,
    0.794326,
    0.780142,
    0.77305,
    0.836879,
    0.836879,
    0.808511,
    0.822695,
    0.829787,
    0.822695,
    0.822695,
    0.794326,
    0.801418,
    0.808511,
    0.815603,
    0.822695,
    0.836879,
    0.822695,
    0.815603,
    0.815603,
    0.836879,
    0.843972,
    0.829787,
    0.815603,
    0.836879,
    0.836879,
    0.829787,
    0.829787,
    0.836879,
    0.829787
  ],
  "val_entropy": [
    4.777747,
    4.709815,
    4.580077,
    4.604177,
    4.375612,
    4.089835,
    4.330622,
    4.27108,
    4.132192,
    3.906211,
    3.739562,
    3.695402,
    3.601247,
    3.686302,
    3.608803,
    3.6038,
    3.65675,
    3.669285,
    3.639818,
    3.553295,
    3.512201,
    3.379604,
    3.555077,
    3.47932,
    3.461502,
    3.531442,
    3.528619,
    3.526411,
    3.594945,
    3.596602,
    3.58378,
    3.567924,
    3.561515,
    3.553912,
    3.543301,
    3.52366,
    3.54259,
    3.541599,
    3.544598,
    3.550988,
    3.564572,
    3.56649,
    3.549761,
    3.553255,
    3.562668,
    3.561899,
    3.557925,
    3.554804,
    3.559081,
    3.557127
  ],
  "gpu_mem_mb": [
    29.12,
    29.01,
    29.01,
    29.01,
    29.01,
    29.01,
    29.01,
    29.01,
    29.01,
    29.01,
    29.01,
    29.01,
    29.01,
    29.01,
    29.01,
    29.01,
    29.01,
    29.01,
    29.01,
    29.01,
    29.01,
    29.01,
    29.01,
    29.01,
    29.01,
    29.01,
    29.01,
    29.01,
    29.01,
    29.01,
    29.01,
    29.01,
    29.01,
    29.01,
    29.01,
    29.01,
    29.01,
    29.01,
    29.01,
    29.01,
    29.01,
    29.01,
    29.01,
    29.01,
    29.01,
    29.01,
    29.01,
    29.01,
    29.01,
    29.01
  ],
  "best_epoch": 42,
  "best_val_accuracy": 0.843972,
  "model_params": 1687557,
  "subgroup_evaluation": {
    "catalog_accuracy": 0.8764044943820225,
    "catalog_count": 89,
    "bls_accuracy": 0.7884615384615384,
    "bls_count": 52
  }
}