{
  "epochs": [
    1,
    2,
    3,
    4,
    5,
    6,
    7,
    8,
    9,
    10,
    11,
    12,
    13,
    14,
    15,
    16,
    17,
    18,
    19,
    20,
    21,
    22,
    23,
    24,
    25,
    26,
    27,
    28,
    29,
    30,
    31,
    32,
    33,
    34,
    35,
    36,
    37,
    38,
    39,
    40,
    41,
    42,
    43,
    44,
    45,
    46,
    47,
    48,
    49,
    50
  ],
  "train_loss": [
    0.727563,
    0.517061,
    0.458519,
    0.431513,
    0.389341,
    0.374759,
    0.406464,
    0.352093,
    0.344841,
    0.352768,
    0.366699,
    0.320456,
    0.304835,
    0.342781,
    0.301939,
    0.30009,
    0.285951,
    0.315562,
    0.306022,
    0.295016,
    0.265185,
    0.275915,
    0.255052,
    0.287086,
    0.262774,
    0.266291,
    0.235286,
    0.225067,
    0.242359,
    0.235026,
    0.243764,
    0.203716,
    0.218145,
    0.203049,
    0.191875,
    0.206798,
    0.200459,
    0.183118,
    0.187168,
    0.198352,
    0.203264,
    0.180534,
    0.192634,
    0.176432,
    0.166647,
    0.171673,
    0.169863,
    0.16587,
    0.175825,
    0.166437
  ],
  "train_grad_norm": [
    2.950255,
    2.0152,
    1.952672,
    1.903054,
    1.837971,
    1.672677,
    1.72682,
    1.493768,
    1.599368,
    1.464793,
    1.591674,
    1.366718,
    1.427347,
    1.562589,
    1.427402,
    1.362747,
    1.49447,
    1.531749,
    1.597241,
    1.476184,
    1.358743,
    1.46737,
    1.391571,
    1.48007,
    1.287644,
    1.301047,
    1.199662,
    1.287851,
    1.36952,
    1.362168,
    1.433032,
    1.225046,
    1.38055,
    1.267378,
    1.268208,
    1.362906,
    1.394002,
    1.209772,
    1.278893,
    1.30316,
    1.469149,
    1.345568,
    1.285459,
    1.22969,
    1.137735,
    1.246276,
    1.234017,
    1.20524,
    1.23977,
    1.337874
  ],
  "train_entropy": [
    4.742133,
    4.608104,
    4.530709,
    4.364502,
    4.437774,
    4.470236,
    4.30034,
    4.284631,
    4.375482,
    4.327599,
    4.23505,
    4.189633,
    4.073688,
    4.14491,
    4.187134,
    4.102369,
    4.049337,
    4.178014,
    4.064836,
    4.1061,
    4.195882,
    4.162281,
    4.072138,
    4.209355,
    4.185601,
    4.155004,
    4.072945,
    4.145538,
    4.06293,
    4.048314,
    4.070494,
    4.174971,
    4.139773,
    4.107699,
    4.094946,
    4.126606,
    4.11925,
    4.156214,
    4.161201,
    4.149152,
    4.138426,
    4.126494,
    4.122777,
    4.12128,
    4.110901,
    4.113004,
    4.123118,
    4.124513,
    4.1149,
    4.114598
  ],
  "val_loss": [
    0.76942,
    0.474926,
    0.719345,
    0.553507,
    0.628589,
    0.516992,
    0.518784,
    0.482073,
    0.754361,
    0.522019,
    0.480311,
    0.518933,
    0.53549,
    0.524273,
    0.413272,
    0.4651,
    0.387883,
    0.431444,
    0.425934,
    0.432726,
    0.428251,
    0.405588,
    0.438828,
    0.449913,
    0.408878,
    0.401374,
    0.379557,
    0.42,
    0.395133,
    0.423457,
    0.413681,
    0.392911,
    0.419081,
    0.406982,
    0.428766,
    0.413958,
    0.415029,
    0.413264,
    0.441297,
    0.428808,
    0.420386,
    0.415863,
    0.432304,
    0.429341,
    0.438649,
    0.436371,
    0.438247,
    0.436897,
    0.430335,
    0.429209
  ],
  "val_accuracy": [
    0.425532,
    0.553191,
    0.595745,
    0.631206,
    0.531915,
    0.666667,
    0.617021,
    0.744681,
    0.702128,
    0.687943,
    0.737589,
    0.617021,
    0.702128,
    0.723404,
    0.702128,
    0.659574,
    0.737589,
    0.730496,
    0.737589,
    0.758865,
    0.77305,
    0.687943,
    0.737589,
    0.751773,
    0.751773,
    0.716312,
    0.77305,
    0.744681,
    0.765957,
    0.702128,
    0.730496,
    0.744681,
    0.730496,
    0.765957,
    0.765957,
    0.780142,
    0.787234,
    0.765957,
    0.758865,
    0.737589,
    0.77305,
    0.751773,
    0.765957,
    0.780142,
    0.751773,
    0.765957,
    0.765957,
    0.77305,
    0.77305,
    0.787234
  ],
  "val_entropy": [
    4.728358,
    4.585661,
    4.381703,
    4.434458,
    4.38583,
    4.433434,
    4.28681,
    4.340301,
    4.525774,
    4.301668,
    4.215817,
    4.140401,
    4.20835,
    4.153534,
    4.225835,
    4.128442,
    4.1812,
    4.160102,
    4.107736,
    4.20457,
    4.23141,
    4.142089,
    4.145756,
    4.300822,
    4.205058,
    4.121497,
    4.204304,
    4.125368,
    4.118375,
    4.062396,
    4.180185,
    4.198744,
    4.155739,
    4.160521,
    4.131926,
    4.18269,
    4.194701,
    4.224331,
    4.190861,
    4.176557,
    4.168016,
    4.168683,
    4.162691,
    4.163228,
    4.159745,
    4.167605,
    4.168441,
    4.166005,
    4.166138,
    4.166215
  ],
  "gpu_mem_mb": [
    5.09,
    5.06,
    5.06,
    5.06,
    5.06,
    5.06,
    5.06,
    5.06,
    5.06,
    5.06,
    5.06,
    5.06,
    5.06,
    5.06,
    5.06,
    5.06,
    5.06,
    5.06,
    5.06,
    5.06,
    5.06,
    5.06,
    5.06,
    5.06,
    5.06,
    5.06,
    5.06,
    5.06,
    5.06,
    5.06,
    5.06,
    5.06,
    5.06,
    5.06,
    5.06,
    5.06,
    5.06,
    5.06,
    5.06,
    5.06,
    5.06,
    5.06,
    5.06,
    5.06,
    5.06,
    5.06,
    5.06,
    5.06,
    5.06,
    5.06
  ],
  "best_epoch": 37,
  "best_val_accuracy": 0.787234,
  "model_params": 316933,
  "subgroup_evaluation": {
    "catalog_accuracy": 0.8089887640449438,
    "catalog_count": 89,
    "bls_accuracy": 0.75,
    "bls_count": 52
  }
}