{
  "epochs": [
    1,
    2,
    3,
    4,
    5,
    6,
    7,
    8,
    9,
    10,
    11,
    12,
    13,
    14,
    15,
    16,
    17,
    18,
    19,
    20,
    21,
    22,
    23,
    24,
    25,
    26,
    27,
    28,
    29,
    30,
    31,
    32,
    33,
    34,
    35,
    36,
    37,
    38,
    39,
    40,
    41,
    42,
    43,
    44,
    45,
    46,
    47,
    48,
    49,
    50
  ],
  "train_loss": [
    0.74617,
    0.481848,
    0.339051,
    0.289795,
    0.238358,
    0.225364,
    0.127409,
    0.102474,
    0.112659,
    0.097221,
    0.111992,
    0.110386,
    0.099141,
    0.034824,
    0.028476,
    0.046308,
    0.02192,
    0.010019,
    0.026553,
    0.009374,
    0.00703,
    0.015488,
    0.013368,
    0.005933,
    0.012829,
    0.007731,
    0.030891,
    0.03484,
    0.006599,
    0.010133,
    0.003216,
    0.002852,
    0.002929,
    0.001887,
    0.006812,
    0.000923,
    0.004085,
    0.000668,
    0.001496,
    0.001121,
    0.000572,
    0.001528,
    0.000304,
    0.000232,
    0.000291,
    0.007706,
    0.003361,
    0.000396,
    0.000749,
    0.000963
  ],
  "val_loss": [
    1.052541,
    0.94123,
    0.80573,
    0.734937,
    1.057597,
    0.722205,
    0.880654,
    1.444762,
    1.560899,
    0.955463,
    2.979328,
    0.785882,
    0.755481,
    1.822609,
    1.505486,
    1.686551,
    0.924593,
    0.808315,
    1.364037,
    1.27911,
    1.219937,
    1.084082,
    1.025172,
    1.160963,
    1.015666,
    1.161394,
    1.201811,
    1.593347,
    1.18315,
    0.88921,
    1.360901,
    1.437952,
    1.170352,
    1.056343,
    1.08969,
    1.120006,
    1.129145,
    1.129685,
    1.052629,
    1.015066,
    1.024839,
    1.036465,
    1.031351,
    1.024046,
    1.023433,
    1.024347,
    1.035025,
    1.040728,
    1.015339,
    1.027602
  ],
  "val_accuracy": [
    0.148148,
    0.388889,
    0.5,
    0.407407,
    0.462963,
    0.555556,
    0.425926,
    0.425926,
    0.537037,
    0.555556,
    0.407407,
    0.648148,
    0.592593,
    0.296296,
    0.407407,
    0.518519,
    0.611111,
    0.685185,
    0.5,
    0.62963,
    0.481481,
    0.574074,
    0.703704,
    0.62963,
    0.648148,
    0.666667,
    0.62963,
    0.555556,
    0.592593,
    0.703704,
    0.537037,
    0.518519,
    0.592593,
    0.62963,
    0.666667,
    0.685185,
    0.685185,
    0.685185,
    0.703704,
    0.648148,
    0.648148,
    0.666667,
    0.666667,
    0.666667,
    0.666667,
    0.703704,
    0.703704,
    0.666667,
    0.666667,
    0.722222
  ],
  "learning_rate": [
    0.001,
    0.00099901,
    0.00099606,
    0.00099114,
    0.00098429,
    0.00097553,
    0.00096489,
    0.00095241,
    0.00093815,
    0.00092216,
    0.00090451,
    0.00088526,
    0.00086448,
    0.00084227,
    0.00081871,
    0.00079389,
    0.00076791,
    0.00074088,
    0.00071289,
    0.00068406,
    0.00065451,
    0.00062434,
    0.00059369,
    0.00056267,
    0.0005314,
    0.0005,
    0.0004686,
    0.00043733,
    0.00040631,
    0.00037566,
    0.00034549,
    0.00031594,
    0.00028711,
    0.00025912,
    0.00023209,
    0.00020611,
    0.00018129,
    0.00015773,
    0.00013552,
    0.00011474,
    9.549e-05,
    7.784e-05,
    6.185e-05,
    4.759e-05,
    3.511e-05,
    2.447e-05,
    1.571e-05,
    8.86e-06,
    3.94e-06,
    9.9e-07
  ],
  "best_epoch": 50,
  "best_val_accuracy": 0.722222,
  "model_params": 1140101,
  "device": "mps",
  "config": {
    "batch_size": 32,
    "lr": 0.001,
    "weight_decay": 0.0001,
    "gamma": 2.0,
    "max_grad_norm": 1.0,
    "num_epochs": 50,
    "val_fraction": 0.2
  }
}