{
  "epochs": [
    1,
    2,
    3,
    4,
    5,
    6,
    7,
    8,
    9,
    10,
    11,
    12,
    13,
    14,
    15,
    16,
    17,
    18,
    19,
    20,
    21,
    22,
    23,
    24,
    25,
    26,
    27,
    28,
    29,
    30,
    31,
    32,
    33,
    34,
    35,
    36,
    37,
    38,
    39,
    40,
    41,
    42,
    43,
    44,
    45,
    46,
    47,
    48,
    49,
    50
  ],
  "train_loss": [
    0.857269,
    0.563301,
    0.431811,
    0.349235,
    0.359307,
    0.27154,
    0.231338,
    0.243185,
    0.284169,
    0.197082,
    0.185684,
    0.210486,
    0.158623,
    0.121908,
    0.110221,
    0.16059,
    0.145513,
    0.062614,
    0.065914,
    0.116365,
    0.084791,
    0.127068,
    0.076799,
    0.072227,
    0.041556,
    0.082957,
    0.032702,
    0.016267,
    0.046453,
    0.04782,
    0.024673,
    0.061295,
    0.019609,
    0.031517,
    0.020149,
    0.019274,
    0.026714,
    0.01009,
    0.020585,
    0.024722,
    0.006147,
    0.019441,
    0.011035,
    0.015628,
    0.006776,
    0.011944,
    0.025361,
    0.020201,
    0.008582,
    0.008765
  ],
  "train_grad_norm": [
    6.408127,
    2.772459,
    1.985682,
    1.887271,
    1.898249,
    1.588332,
    1.874845,
    2.375196,
    2.844592,
    1.914866,
    2.599015,
    3.00167,
    1.932432,
    1.618892,
    1.933016,
    2.291917,
    2.103069,
    1.215683,
    1.693934,
    2.458585,
    2.361999,
    2.412639,
    2.084117,
    2.025182,
    1.38414,
    1.996979,
    1.107472,
    0.522547,
    1.284465,
    1.396829,
    1.203672,
    1.905284,
    0.78925,
    1.0874,
    0.96581,
    0.866527,
    1.054867,
    0.402888,
    0.947642,
    1.091117,
    0.263223,
    0.750412,
    0.451627,
    0.827822,
    0.260955,
    0.743291,
    1.175692,
    0.600314,
    0.337424,
    0.37107
  ],
  "train_entropy": [
    4.76098,
    4.762521,
    4.757424,
    4.756068,
    4.743292,
    4.738702,
    4.733938,
    4.738197,
    4.730838,
    4.715402,
    4.70197,
    4.685675,
    4.671351,
    4.668637,
    4.667962,
    4.668799,
    4.657689,
    4.661025,
    4.660183,
    4.645597,
    4.631571,
    4.648052,
    4.630018,
    4.614978,
    4.615959,
    4.641605,
    4.632687,
    4.635001,
    4.635851,
    4.629725,
    4.630177,
    4.629028,
    4.624063,
    4.618522,
    4.615399,
    4.617376,
    4.623684,
    4.616997,
    4.613024,
    4.611499,
    4.610338,
    4.609111,
    4.607543,
    4.608915,
    4.609128,
    4.608844,
    4.607645,
    4.607423,
    4.607962,
    4.609202
  ],
  "val_loss": [
    1.010428,
    1.049207,
    0.872819,
    0.810028,
    0.627524,
    0.619738,
    0.590238,
    1.485465,
    0.608641,
    0.553181,
    0.699974,
    0.731269,
    1.256159,
    0.954348,
    1.473766,
    1.353535,
    0.710241,
    1.006584,
    0.785634,
    0.98081,
    2.11788,
    0.779382,
    1.085211,
    1.165892,
    0.743069,
    1.106215,
    1.838329,
    1.920316,
    0.911132,
    1.086092,
    1.072089,
    1.209651,
    1.250898,
    1.245097,
    1.240344,
    1.114584,
    0.80439,
    0.822229,
    0.811049,
    0.842967,
    0.867666,
    0.897866,
    0.935782,
    0.969562,
    0.960179,
    0.943509,
    0.933649,
    0.927474,
    0.91411,
    0.904759
  ],
  "val_accuracy": [
    0.37037,
    0.203704,
    0.37037,
    0.444444,
    0.648148,
    0.574074,
    0.666667,
    0.462963,
    0.592593,
    0.648148,
    0.555556,
    0.574074,
    0.462963,
    0.537037,
    0.444444,
    0.462963,
    0.592593,
    0.425926,
    0.518519,
    0.611111,
    0.388889,
    0.62963,
    0.537037,
    0.555556,
    0.611111,
    0.537037,
    0.5,
    0.481481,
    0.611111,
    0.555556,
    0.555556,
    0.574074,
    0.574074,
    0.574074,
    0.5,
    0.574074,
    0.62963,
    0.611111,
    0.648148,
    0.666667,
    0.685185,
    0.62963,
    0.62963,
    0.666667,
    0.666667,
    0.648148,
    0.62963,
    0.62963,
    0.611111,
    0.62963
  ],
  "val_entropy": [
    4.821832,
    4.807286,
    4.798005,
    4.788477,
    4.778441,
    4.782126,
    4.775069,
    4.782528,
    4.777351,
    4.76955,
    4.760016,
    4.743189,
    4.7136,
    4.723501,
    4.729772,
    4.729123,
    4.719425,
    4.717999,
    4.724541,
    4.654289,
    4.657196,
    4.679802,
    4.659773,
    4.675504,
    4.714952,
    4.700659,
    4.724183,
    4.705567,
    4.673261,
    4.660427,
    4.644825,
    4.63616,
    4.63794,
    4.631102,
    4.638129,
    4.646129,
    4.653741,
    4.651819,
    4.641253,
    4.63951,
    4.640339,
    4.635313,
    4.635344,
    4.636194,
    4.636801,
    4.636572,
    4.636182,
    4.63606,
    4.636483,
    4.635779
  ],
  "gpu_mem_mb": [
    19.57,
    19.57,
    19.57,
    19.57,
    19.57,
    19.57,
    19.57,
    19.57,
    19.57,
    19.57,
    19.57,
    19.57,
    19.57,
    19.57,
    19.57,
    19.57,
    19.57,
    19.57,
    19.57,
    19.57,
    19.57,
    19.57,
    19.57,
    19.57,
    19.57,
    19.57,
    19.57,
    19.57,
    19.57,
    19.57,
    19.57,
    19.57,
    19.57,
    19.57,
    19.57,
    19.57,
    19.57,
    19.57,
    19.57,
    19.57,
    19.57,
    19.57,
    19.57,
    19.57,
    19.57,
    19.57,
    19.57,
    19.57,
    19.57,
    19.57
  ],
  "best_epoch": 41,
  "best_val_accuracy": 0.685185,
  "model_params": 1275141,
  "subgroup_evaluation": {
    "catalog_accuracy": 0.8125,
    "catalog_count": 32,
    "bls_accuracy": 0.5,
    "bls_count": 22
  }
}